prediction_col,samples,pearson_r,r2,mae_m,rmse_m,pred_mean,gt_mean,near_constant
height_geoalert-tuned,4614,0.9008373720920096,0.8093673084550537,4.6521153012570435,8.734257578063824,18.45513654096229,18.059991330732554,False
height_geoalert-default,4595,0.8486478089597389,0.6189798055544824,6.5892187159956475,12.052457635679442,13.425854189336235,17.836517954298152,False
height_GBA,4480,0.7837511880728159,0.4572616762114058,9.108359439108122,14.94948871583832,13.123869515739248,18.40578348214286,False
height_GBF,4381,0.6050299434113227,0.3597497682009282,10.870029412941157,15.578298870726062,19.071256223830186,17.59251312485734,False
